<?xml version="1.0" encoding="UTF-8"?><artifacts>
    <artifact name="ROC_Data" groupId="com.example.MDS_FO_Rocdetails.api" version="1.0.0" type="synapse/api" serverRole="EnterpriseServiceBus">
        <file>src/main/synapse-config/api/ROC_Data.xml</file>
    </artifact>
    <artifact name="RocEndpoint" groupId="com.example.MDS_FO_Rocdetails.endpoint" version="1.0.0" type="synapse/endpoint" serverRole="EnterpriseServiceBus">
        <file>src/main/synapse-config/endpoints/RocEndpoint.xml</file>
    </artifact>
    <artifact name="RocSiebelEndpoint" groupId="com.example.MDS_FO_Rocdetails.endpoint" version="1.0.0" type="synapse/endpoint" serverRole="EnterpriseServiceBus">
        <file>src/main/synapse-config/endpoints/RocSiebelEndpoint.xml</file>
    </artifact>
</artifacts>
