<?xml version="1.0" encoding="UTF-8"?><artifacts>
    <artifact name="SubmitRequestMapper" groupId="com.example.SubmitRegistryProject.resource" version="1.0.0" type="registry/resource" serverRole="EnterpriseServiceBus">
        <item>
            <file>SubmitRequestMapper.dmc</file>
            <path>/_system/governance/datamapper</path>
            <mediaType>text/plain</mediaType>
        </item>
    </artifact>
    <artifact name="SubmitRequestMapper_inputSchema" groupId="com.example.SubmitRegistryProject.resource" version="1.0.0" type="registry/resource" serverRole="EnterpriseServiceBus">
        <item>
            <file>SubmitRequestMapper_inputSchema.json</file>
            <path>/_system/governance/datamapper</path>
            <mediaType>text/plain</mediaType>
        </item>
    </artifact>
    <artifact name="SubmitRequestMapper_outputSchema" groupId="com.example.SubmitRegistryProject.resource" version="1.0.0" type="registry/resource" serverRole="EnterpriseServiceBus">
        <item>
            <file>SubmitRequestMapper_outputSchema.json</file>
            <path>/_system/governance/datamapper</path>
            <mediaType>text/plain</mediaType>
        </item>
    </artifact>
    <artifact name="SubmitRequestMapper_xsltStyleSheet" groupId="com.example.SubmitRegistryProject.resource" version="1.0.0" type="registry/resource" serverRole="EnterpriseServiceBus">
        <item>
            <file>SubmitRequestMapper_xsltStyleSheet.xml</file>
            <path>/_system/governance/datamapper</path>
            <mediaType>text/plain</mediaType>
        </item>
    </artifact>
</artifacts>
