{
  "$schema" : "http://wso2.org/json-schema/wso2-data-mapper-v5.0.0/schema#",
  "inputType" : "JSON",
  "id" : "http://wso2jsonschema.org",
  "title" : "root",
  "type" : "object",
  "properties" : {
    "requestBody" : {
      "id" : "http://wso2jsonschema.org/requestBody",
      "type" : "object",
      "properties" : {
        "formName" : {
          "id" : "http://wso2jsonschema.org/requestBody/formName",
          "type" : "string"
        },
        "formDescription" : {
          "id" : "http://wso2jsonschema.org/requestBody/formDescription",
          "type" : "string",
          "nullable" : "true"
        },
        "userid" : {
          "id" : "http://wso2jsonschema.org/requestBody/userid",
          "type" : "string"
        },
        "companyType" : {
          "id" : "http://wso2jsonschema.org/requestBody/companyType",
          "type" : "string"
        },
        "LLPIN" : {
          "id" : "http://wso2jsonschema.org/requestBody/LLPIN",
          "type" : "string",
          "nullable" : "true"
        },
        "companyClass" : {
          "id" : "http://wso2jsonschema.org/requestBody/companyClass",
          "type" : "string"
        },
        "companyCategory" : {
          "id" : "http://wso2jsonschema.org/requestBody/companyCategory",
          "type" : "string"
        },
        "companySubCategory" : {
          "id" : "http://wso2jsonschema.org/requestBody/companySubCategory",
          "type" : "string"
        },
        "NICCode1" : {
          "id" : "http://wso2jsonschema.org/requestBody/NICCode1",
          "type" : "string"
        },
        "Description1" : {
          "id" : "http://wso2jsonschema.org/requestBody/Description1",
          "type" : "string"
        },
        "NICCode2" : {
          "id" : "http://wso2jsonschema.org/requestBody/NICCode2",
          "type" : "string"
        },
        "Description2" : {
          "id" : "http://wso2jsonschema.org/requestBody/Description2",
          "type" : "string"
        },
        "NICCode3" : {
          "id" : "http://wso2jsonschema.org/requestBody/NICCode3",
          "type" : "string"
        },
        "Description3" : {
          "id" : "http://wso2jsonschema.org/requestBody/Description3",
          "type" : "string"
        },
        "suffix" : {
          "id" : "http://wso2jsonschema.org/requestBody/suffix",
          "type" : "null"
        },
        "proposedName1" : {
          "id" : "http://wso2jsonschema.org/requestBody/proposedName1",
          "type" : "string"
        },
        "proposedName2" : {
          "id" : "http://wso2jsonschema.org/requestBody/proposedName2",
          "type" : "string"
        },
        "documents" : {
          "id" : "http://wso2jsonschema.org/requestBody/documents",
          "type" : "string"
        },
        "status" : {
          "id" : "http://wso2jsonschema.org/requestBody/status",
          "type" : "string"
        },
        "integrationId" : {
          "id" : "http://wso2jsonschema.org/requestBody/integrationId",
          "type" : "string"
        }
      }
    }
  }
}