{
  "$schema" : "http://wso2.org/json-schema/wso2-data-mapper-v5.0.0/schema#",
  "outputType" : "JSON",
  "id" : "http://wso2jsonschema.org",
  "title" : "root",
  "type" : "object",
  "properties" : {
    "body" : {
      "id" : "http://wso2jsonschema.org/body",
      "type" : "object",
      "properties" : {
        "SiebelMessage" : {
          "id" : "http://wso2jsonschema.org/body/SiebelMessage",
          "type" : "object",
          "properties" : {
            "MessageId" : {
              "id" : "http://wso2jsonschema.org/body/SiebelMessage/MessageId",
              "type" : "string",
              "nullable" : "true"
            },
            "MessageType" : {
              "id" : "http://wso2jsonschema.org/body/SiebelMessage/MessageType",
              "type" : "string"
            },
            "IntObjectName" : {
              "id" : "http://wso2jsonschema.org/body/SiebelMessage/IntObjectName",
              "type" : "string"
            },
            "IntObjectFormat" : {
              "id" : "http://wso2jsonschema.org/body/SiebelMessage/IntObjectFormat",
              "type" : "string"
            },
            "ListOfMCASRNameReservation" : {
              "id" : "http://wso2jsonschema.org/body/SiebelMessage/ListOfMCASRNameReservation",
              "type" : "object",
              "properties" : {
                "ServiceRequest" : {
                  "id" : "http://wso2jsonschema.org/body/SiebelMessage/ListOfMCASRNameReservation/ServiceRequest",
                  "type" : "object",
                  "properties" : {
                    "IntegrationId" : {
                      "id" : "http://wso2jsonschema.org/body/SiebelMessage/ListOfMCASRNameReservation/ServiceRequest/IntegrationId",
                      "type" : "string"
                    },
                    "SRNumber" : {
                      "id" : "http://wso2jsonschema.org/body/SiebelMessage/ListOfMCASRNameReservation/ServiceRequest/SRNumber",
                      "type" : "null"
                    },
                    "JobId" : {
                      "id" : "http://wso2jsonschema.org/body/SiebelMessage/ListOfMCASRNameReservation/ServiceRequest/JobId",
                      "type" : "null"
                    },
                    "JobType" : {
                      "id" : "http://wso2jsonschema.org/body/SiebelMessage/ListOfMCASRNameReservation/ServiceRequest/JobType",
                      "type" : "string"
                    },
                    "Abstract" : {
                      "id" : "http://wso2jsonschema.org/body/SiebelMessage/ListOfMCASRNameReservation/ServiceRequest/Abstract",
                      "type" : "string"
                    },
                    "SendTo" : {
                      "id" : "http://wso2jsonschema.org/body/SiebelMessage/ListOfMCASRNameReservation/ServiceRequest/SendTo",
                      "type" : "string",
                      "nullable" : "true"
                    },
                    "JobCardinality" : {
                      "id" : "http://wso2jsonschema.org/body/SiebelMessage/ListOfMCASRNameReservation/ServiceRequest/JobCardinality",
                      "type" : "string"
                    },
                    "SubmittedBy" : {
                      "id" : "http://wso2jsonschema.org/body/SiebelMessage/ListOfMCASRNameReservation/ServiceRequest/SubmittedBy",
                      "type" : "string",
                      "nullable" : "true"
                    },
                    "MCAComments" : {
                      "id" : "http://wso2jsonschema.org/body/SiebelMessage/ListOfMCASRNameReservation/ServiceRequest/MCAComments",
                      "type" : "null"
                    },
                    "NOCProviderCIN" : {
                      "id" : "http://wso2jsonschema.org/body/SiebelMessage/ListOfMCASRNameReservation/ServiceRequest/NOCProviderCIN",
                      "type" : "null"
                    },
                    "operation" : {
                      "id" : "http://wso2jsonschema.org/body/SiebelMessage/ListOfMCASRNameReservation/ServiceRequest/operation",
                      "type" : "string"
                    }
                  }
                },
                "ServiceRequestAttachment" : {
                  "id" : "http://wso2jsonschema.org/body/SiebelMessage/ListOfMCASRNameReservation/ServiceRequestAttachment",
                  "type" : "object",
                  "properties" : {
                    "ActivityFileName" : {
                      "id" : "http://wso2jsonschema.org/body/SiebelMessage/ListOfMCASRNameReservation/ServiceRequestAttachment/ActivityFileName",
                      "type" : "string",
                      "nullable" : "true"
                    },
                    "ActivityFileSrcPath" : {
                      "id" : "http://wso2jsonschema.org/body/SiebelMessage/ListOfMCASRNameReservation/ServiceRequestAttachment/ActivityFileSrcPath",
                      "type" : "null"
                    },
                    "ActivityFileSrcType" : {
                      "id" : "http://wso2jsonschema.org/body/SiebelMessage/ListOfMCASRNameReservation/ServiceRequestAttachment/ActivityFileSrcType",
                      "type" : "null"
                    },
                    "ActivityFileExt" : {
                      "id" : "http://wso2jsonschema.org/body/SiebelMessage/ListOfMCASRNameReservation/ServiceRequestAttachment/ActivityFileExt",
                      "type" : "null"
                    },
                    "ActivityFileSize" : {
                      "id" : "http://wso2jsonschema.org/body/SiebelMessage/ListOfMCASRNameReservation/ServiceRequestAttachment/ActivityFileSize",
                      "type" : "null"
                    },
                    "ActivityFileAutoUpdFlg" : {
                      "id" : "http://wso2jsonschema.org/body/SiebelMessage/ListOfMCASRNameReservation/ServiceRequestAttachment/ActivityFileAutoUpdFlg",
                      "type" : "null"
                    },
                    "AttachmentDMSId" : {
                      "id" : "http://wso2jsonschema.org/body/SiebelMessage/ListOfMCASRNameReservation/ServiceRequestAttachment/AttachmentDMSId",
                      "type" : "null"
                    },
                    "TotalNoOfPages" : {
                      "id" : "http://wso2jsonschema.org/body/SiebelMessage/ListOfMCASRNameReservation/ServiceRequestAttachment/TotalNoOfPages",
                      "type" : "null"
                    },
                    "ActivityComments" : {
                      "id" : "http://wso2jsonschema.org/body/SiebelMessage/ListOfMCASRNameReservation/ServiceRequestAttachment/ActivityComments",
                      "type" : "null"
                    },
                    "ActivityFileDate" : {
                      "id" : "http://wso2jsonschema.org/body/SiebelMessage/ListOfMCASRNameReservation/ServiceRequestAttachment/ActivityFileDate",
                      "type" : "null"
                    },
                    "PublicDocument" : {
                      "id" : "http://wso2jsonschema.org/body/SiebelMessage/ListOfMCASRNameReservation/ServiceRequestAttachment/PublicDocument",
                      "type" : "null"
                    }
                  }
                },
                "MCANameReservationForm" : {
                  "id" : "http://wso2jsonschema.org/body/SiebelMessage/ListOfMCASRNameReservation/MCANameReservationForm",
                  "type" : "object",
                  "properties" : {
                    "CIN" : {
                      "id" : "http://wso2jsonschema.org/body/SiebelMessage/ListOfMCASRNameReservation/MCANameReservationForm/CIN",
                      "type" : "string",
                      "nullable" : "true"
                    },
                    "Comments" : {
                      "id" : "http://wso2jsonschema.org/body/SiebelMessage/ListOfMCASRNameReservation/MCANameReservationForm/Comments",
                      "type" : "null"
                    },
                    "CompanyType" : {
                      "id" : "http://wso2jsonschema.org/body/SiebelMessage/ListOfMCASRNameReservation/MCANameReservationForm/CompanyType",
                      "type" : "string",
                      "nullable" : "true"
                    },
                    "CompanyClass" : {
                      "id" : "http://wso2jsonschema.org/body/SiebelMessage/ListOfMCASRNameReservation/MCANameReservationForm/CompanyClass",
                      "type" : "string",
                      "nullable" : "true"
                    },
                    "CompanyCategory" : {
                      "id" : "http://wso2jsonschema.org/body/SiebelMessage/ListOfMCASRNameReservation/MCANameReservationForm/CompanyCategory",
                      "type" : "string",
                      "nullable" : "true"
                    },
                    "CompanySubcategory" : {
                      "id" : "http://wso2jsonschema.org/body/SiebelMessage/ListOfMCASRNameReservation/MCANameReservationForm/CompanySubcategory",
                      "type" : "string",
                      "nullable" : "true"
                    },
                    "ProposedName1" : {
                      "id" : "http://wso2jsonschema.org/body/SiebelMessage/ListOfMCASRNameReservation/MCANameReservationForm/ProposedName1",
                      "type" : "string",
                      "nullable" : "true"
                    },
                    "ProposedName2" : {
                      "id" : "http://wso2jsonschema.org/body/SiebelMessage/ListOfMCASRNameReservation/MCANameReservationForm/ProposedName2",
                      "type" : "string",
                      "nullable" : "true"
                    },
                    "NICcode1" : {
                      "id" : "http://wso2jsonschema.org/body/SiebelMessage/ListOfMCASRNameReservation/MCANameReservationForm/NICcode1",
                      "type" : "string",
                      "nullable" : "true"
                    },
                    "NICcode2" : {
                      "id" : "http://wso2jsonschema.org/body/SiebelMessage/ListOfMCASRNameReservation/MCANameReservationForm/NICcode2",
                      "type" : "string",
                      "nullable" : "true"
                    },
                    "NICcode3" : {
                      "id" : "http://wso2jsonschema.org/body/SiebelMessage/ListOfMCASRNameReservation/MCANameReservationForm/NICcode3",
                      "type" : "string",
                      "nullable" : "true"
                    },
                    "NICCode1Desc" : {
                      "id" : "http://wso2jsonschema.org/body/SiebelMessage/ListOfMCASRNameReservation/MCANameReservationForm/NICCode1Desc",
                      "type" : "string"
                    },
                    "NICCode2Desc" : {
                      "id" : "http://wso2jsonschema.org/body/SiebelMessage/ListOfMCASRNameReservation/MCANameReservationForm/NICCode2Desc",
                      "type" : "string",
                      "nullable" : "true"
                    },
                    "NICCode3Desc" : {
                      "id" : "http://wso2jsonschema.org/body/SiebelMessage/ListOfMCASRNameReservation/MCANameReservationForm/NICCode3Desc",
                      "type" : "string",
                      "nullable" : "true"
                    },
                    "IndexRating1" : {
                      "id" : "http://wso2jsonschema.org/body/SiebelMessage/ListOfMCASRNameReservation/MCANameReservationForm/IndexRating1",
                      "type" : "string",
                      "nullable" : "true"
                    },
                    "IndexRating2" : {
                      "id" : "http://wso2jsonschema.org/body/SiebelMessage/ListOfMCASRNameReservation/MCANameReservationForm/IndexRating2",
                      "type" : "string",
                      "nullable" : "true"
                    }
                  }
                },
                "MCASRAlert" : {
                  "id" : "http://wso2jsonschema.org/body/SiebelMessage/ListOfMCASRNameReservation/MCASRAlert",
                  "type" : "object",
                  "properties" : {
                    "AlertCategory" : {
                      "id" : "http://wso2jsonschema.org/body/SiebelMessage/ListOfMCASRNameReservation/MCASRAlert/AlertCategory",
                      "type" : "string",
                      "nullable" : "true"
                    },
                    "AlertDescription" : {
                      "id" : "http://wso2jsonschema.org/body/SiebelMessage/ListOfMCASRNameReservation/MCASRAlert/AlertDescription",
                      "type" : "string",
                      "nullable" : "true"
                    },
                    "AlertType" : {
                      "id" : "http://wso2jsonschema.org/body/SiebelMessage/ListOfMCASRNameReservation/MCASRAlert/AlertType",
                      "type" : "string",
                      "nullable" : "true"
                    }
                  }
                }
              }
            }
          }
        }
      }
    }
  }
}