<?xml version="1.0" encoding="UTF-8" standalone="no"?><xsl:stylesheet xmlns:xsl="http://www.w3.org/1999/XSL/Transform" xmlns:firstElementOfTheInput="root" xmlns:notXSLTCompatible="false" xmlns:own="http://ownfunction.org" xmlns:runTimeProperties="IndexRating1,DEFAULT,IndexRating2,DEFAULT,AlertCategory,DEFAULT,ALertDescription,DEFAULT,AlertType,DEFAULT" xmlns:xs="http://www.w3.org/2001/XMLSchema" extension-element-prefixes="xs own runTimeProperties notXSLTCompatible firstElementOfTheInput" version="2.0"><xsl:function name="own:setPrecision"><xsl:param name="resultString"/><xsl:param name="noOfDigits"/><xsl:if test="$noOfDigits=0"><xsl:value-of select="$resultString"/></xsl:if><xsl:if test="$noOfDigits!=0"><xsl:value-of select="own:setPrecision(concat($resultString,'0'),$noOfDigits - 1)"/></xsl:if></xsl:function><xsl:param name="DEFAULT_IndexRating1"/><xsl:param name="DEFAULT_IndexRating2"/><xsl:param name="DEFAULT_AlertCategory"/><xsl:param name="DEFAULT_ALertDescription"/><xsl:param name="DEFAULT_AlertType"/><xsl:template match="/"><root><body><SiebelMessage><MessageId><xsl:value-of select="'1234'"/></MessageId><MessageType><xsl:value-of select="'Integration Object'"/></MessageType><IntObjectName><xsl:value-of select="'MCASRNameReservation'"/></IntObjectName><IntObjectFormat><xsl:value-of select="'Siebel Hierarchical'"/></IntObjectFormat><ListOfMCASRNameReservation><ServiceRequest><IntegrationId><xsl:value-of select="root/requestBody/integrationId"/></IntegrationId><SRNumber/><JobId/><Abstract><xsl:value-of select="root/requestBody/formName"/></Abstract><SendTo><xsl:value-of select="root/requestBody/formDescription"/></SendTo><SubmittedBy><xsl:value-of select="root/requestBody/userid"/></SubmittedBy><MCAComments/><NOCProviderCIN/><operation><xsl:value-of select="root/requestBody/status"/></operation></ServiceRequest><ServiceRequestAttachment><ActivityFileName><xsl:value-of select="root/requestBody/documents"/></ActivityFileName><ActivityFileSrcPath/><ActivityFileSrcType/><ActivityFileExt/><ActivityFileSize/><ActivityFileAutoUpdFlg/><AttachmentDMSId/><TotalNoOfPages/><ActivityComments/><ActivityFileDate/><PublicDocument/></ServiceRequestAttachment><MCANameReservationForm><CIN><xsl:value-of select="root/requestBody/LLPIN"/></CIN><Comments/><CompanyType><xsl:value-of select="root/requestBody/companyType"/></CompanyType><CompanyClass><xsl:value-of select="root/requestBody/companyClass"/></CompanyClass><CompanyCategory><xsl:value-of select="root/requestBody/companyCategory"/></CompanyCategory><CompanySubcategory><xsl:value-of select="root/requestBody/companySubCategory"/></CompanySubcategory><ProposedName1><xsl:value-of select="root/requestBody/proposedName1"/></ProposedName1><ProposedName2><xsl:value-of select="root/requestBody/proposedName2"/></ProposedName2><NICcode1><xsl:value-of select="root/requestBody/NICCode1"/></NICcode1><NICcode2><xsl:value-of select="root/requestBody/NICCode2"/></NICcode2><NICcode3><xsl:value-of select="root/requestBody/NICCode3"/></NICcode3><NICCode1Desc><xsl:value-of select="root/requestBody/Description1"/></NICCode1Desc><NICCode2Desc><xsl:value-of select="root/requestBody/Description2"/></NICCode2Desc><NICCode3Desc><xsl:value-of select="root/requestBody/Description3"/></NICCode3Desc><IndexRating1><xsl:value-of select="$DEFAULT_IndexRating1"/></IndexRating1><IndexRating2><xsl:value-of select="$DEFAULT_IndexRating2"/></IndexRating2></MCANameReservationForm><MCASRAlert><AlertCategory><xsl:value-of select="$DEFAULT_AlertCategory"/></AlertCategory><AlertDescription><xsl:value-of select="$DEFAULT_ALertDescription"/></AlertDescription><AlertType><xsl:value-of select="$DEFAULT_AlertType"/></AlertType></MCASRAlert></ListOfMCASRNameReservation></SiebelMessage></body></root></xsl:template></xsl:stylesheet>