<?xml version="1.0" encoding="UTF-8"?>
<api context="/MDS" name="ROC_Data" xmlns="http://ws.apache.org/ns/synapse">
    <resource faultSequence="error" methods="POST" uri-template="/service/ROC">
        <inSequence>
            <log description="Input Log">
                <property name="Input exp message" value="&quot;Flow started&quot;"/>
                <property expression="json-eval($.Type)" name="TYPE"/>
            </log>
            <payloadFactory media-type="json">
                <format>
					&#xd;
					{&#xd;
					"body" : {&#xd;
					"Type" : "$1"&#xd;
					&#xd;
					}}&#xd;
				</format>
                <args>
                    <arg evaluator="json" expression="$.Type"/>
                </args>
            </payloadFactory>
            <log description="siebel request log">
                <property expression="json-eval($)" name="Target Payload"/>
            </log>
            <call>
                <endpoint key="RocSiebelEndpoint"/>
            </call>
            <log description="siebel response log">
                <property expression="json-eval($)" name="Target Payload"/>
            </log>
            <payloadFactory media-type="json">
                <format>
					{
					"message": "$1",
					"data" : $2
					}
				</format>
                <args>
                    <arg evaluator="json" expression="$.message"/>
                    <arg evaluator="json" expression="$.SiebelMessage.['MCA Get List Of Value']"/>
                </args>
            </payloadFactory>
            <respond/>
        </inSequence>
        <outSequence/>
    </resource>
</api>
