<?xml version="1.0" encoding="UTF-8"?>
<endpoint name="ClouderaEndpoint" xmlns="http://ws.apache.org/ns/synapse">
    <http method="get" uri-template="http://localhost:8290/cloudera/IndexRating?proposedName1=ProposedName1&amp;proposedName2=ProposedName2">
        <suspendOnFailure>
            <initialDuration>-1</initialDuration>
            <progressionFactor>1.0</progressionFactor>
        </suspendOnFailure>
        <markForSuspension>
            <retriesBeforeSuspension>0</retriesBeforeSuspension>
        </markForSuspension>
    </http>
</endpoint>
