<?xml version="1.0" encoding="UTF-8"?><artifacts>
    <artifact name="submitEndpoint" groupId="com.example.FO_submitName.api" version="1.0.0" type="synapse/api" serverRole="EnterpriseServiceBus">
        <file>src/main/synapse-config/api/submitEndpoint.xml</file>
    </artifact>
    <artifact name="nameendpoint" groupId="com.example.FO_submitName.endpoint" version="1.0.0" type="synapse/endpoint" serverRole="EnterpriseServiceBus">
        <file>src/main/synapse-config/endpoints/nameendpoint.xml</file>
    </artifact>
    <artifact name="MockCloudera" groupId="com.example.FO_submitName.api" version="1.0.0" type="synapse/api" serverRole="EnterpriseServiceBus">
        <file>src/main/synapse-config/api/MockCloudera.xml</file>
    </artifact>
    <artifact name="ClouderaEndpoint" groupId="com.example.FO_submitName.endpoint" version="1.0.0" type="synapse/endpoint" serverRole="EnterpriseServiceBus">
        <file>src/main/synapse-config/endpoints/ClouderaEndpoint.xml</file>
    </artifact>
    <artifact name="OPAAPI" groupId="com.example.FO_submitName.api" version="1.0.0" type="synapse/api" serverRole="EnterpriseServiceBus">
        <file>src/main/synapse-config/api/OPAAPI.xml</file>
    </artifact>
    <artifact name="OPAEndpoint" groupId="com.example.FO_submitName.endpoint" version="1.0.0" type="synapse/endpoint" serverRole="EnterpriseServiceBus">
        <file>src/main/synapse-config/endpoints/OPAEndpoint.xml</file>
    </artifact>
    <artifact name="SubmitApi" groupId="com.example.FO_submitName.api" version="1.0.0" type="synapse/api" serverRole="EnterpriseServiceBus">
        <file>src/main/synapse-config/api/SubmitApi.xml</file>
    </artifact>
</artifacts>
