<?xml version="1.0" encoding="UTF-8"?>
<api context="/cloudera" name="MockCloudera" xmlns="http://ws.apache.org/ns/synapse">
    <resource methods="GET" uri-template="/IndexRating">
        <inSequence>
            <log>
                <property name="cloudera" value="cloudera backend working"/>
            </log>
            <payloadFactory media-type="json">
                <format>{&#xd;
"message": "Data fetched Successfully",&#xd;
"data": { &#xd;
		"indexRating1" : "Positive",&#xd;
		"indexRating2" : "Positive"&#xd;
	}&#xd;
}</format>
                <args/>
            </payloadFactory>
            <respond/>
        </inSequence>
        <outSequence/>
        <faultSequence/>
    </resource>
</api>
