<?xml version="1.0" encoding="UTF-8"?>
<api context="/namereservation/service" name="OPAAPI" xmlns="http://ws.apache.org/ns/synapse">
    <resource methods="POST" uri-template="/autocheck">
        <inSequence>
            <payloadFactory media-type="json">
                <format>{&#xd;
"message": "Auto check Completed",&#xd;
"data":&#xd;
	{&#xd;
		"alertCategory":"xyz",			&#xd;
		"alertDescription":"abc",&#xd;
		"alertType":"pqr"&#xd;
	}&#xd;
}</format>
                <args/>
            </payloadFactory>
            <respond/>
        </inSequence>
        <outSequence/>
        <faultSequence/>
    </resource>
</api>
