<?xml version="1.0" encoding="UTF-8"?>
<api context="/siebel/v1.0/service" name="submitEndpoint" xmlns="http://ws.apache.org/ns/synapse">
    <resource methods="POST" uri-template="/MCASRNameReservation/SubmitForm">
        <inSequence>
            <payloadFactory media-type="json">
                <format>{&#xd;
	"Message": "",&#xd;
	"SRNumber": "1-1759671",&#xd;
	"JobId": "SR1-1759671",&#xd;
	"OpenedDate": ""&#xd;
}</format>
                <args/>
            </payloadFactory>
            <respond/>
        </inSequence>
        <outSequence/>
        <faultSequence/>
    </resource>
</api>
