<?xml version="1.0" encoding="UTF-8"?>
<api context="/NameReservation" name="SubmitApi" xmlns="http://ws.apache.org/ns/synapse">
    <resource faultSequence="error" methods="POST" uri-template="/service/submit">
        <inSequence>
            <property description="Aem request" expression="json-eval($)" name="AEMRequest" scope="default" type="STRING"/>
            <property expression="json-eval($.requestBody.proposedName1)" name="ProposedName1" scope="default" type="STRING"/>
            <property expression="json-eval($.requestBody.proposedName2)" name="ProposedName2" scope="default" type="STRING"/>
            <payloadFactory description="mapping with autocheck request" media-type="json">
                <format>
                    {
                    "requestBody":{
                    
					"formName":"$1",
                  "formDescription":"$2",
				  "companyType" : "$3",
				  "LLPIN": "$4",
				  "companyClass" : "$5",
				  "companyCategory," : "$6",
				  "companySub-category" : "$7",
				  "NICCode1":"$8",
				  "Description1":"$9",
				  "NICCode2":"$10",
				  "Description2":"$11",
				  "NICCode3":"$12",
				  "Description3":"$13",
				  "proposedName1" : "$14",
				  "proposedName2" : "$15",
				  "documents" : "$16"
					}
					}
                </format>
                <args>
                    <arg evaluator="json" expression="$.requestBody.formName"/>
                    <arg evaluator="json" expression="$.requestBody.formDescription"/>
                    <arg evaluator="json" expression="$.requestBody.companyType"/>
                    <arg evaluator="json" expression="$.requestBody.LLPIN"/>
                    <arg evaluator="json" expression="$.requestBody.companyClass"/>
                    <arg evaluator="json" expression="$.requestBody.companyCategory"/>
                    <arg evaluator="json" expression="$.requestBody.companySubCategory"/>
                    <arg evaluator="json" expression="$.requestBody.NICCode1"/>
                    <arg evaluator="json" expression="$.requestBody.Description1"/>
                    <arg evaluator="json" expression="$.requestBody.NICCode2"/>
                    <arg evaluator="json" expression="$.requestBody.Description2"/>
                    <arg evaluator="json" expression="$.requestBody.NICCode3"/>
                    <arg evaluator="json" expression="$.requestBody.Description3"/>
                    <arg evaluator="json" expression="$.requestBody.proposedName1"/>
                    <arg evaluator="json" expression="$.requestBody.proposedName2"/>
                    <arg evaluator="json" expression="$.requestBody.documentName"/>
                </args>
            </payloadFactory>
            <call>
                <endpoint key="OPAEndpoint"/>
            </call>
            <log level="custom">
                <property expression="json-eval($)" name="content"/>
            </log>
            <payloadFactory description="set autocheck response" media-type="json">
                <format>
                    {
                    
					"alertCategory" : "$1",
					"alertDescription" : "$2",
					"alertType":"$3"
					}
                </format>
                <args>
                    <arg evaluator="json" expression="$.data.alertCategory"/>
                    <arg evaluator="json" expression="$.data.alertDescription"/>
                    <arg evaluator="json" expression="$.data.alertType"/>
                </args>
            </payloadFactory>
            <property description="Alertcategory" expression="json-eval($.alertCategory)" name="AlertCategory" scope="default" type="STRING"/>
            <property description="AlertDescription" expression="json-eval($.alertDescription)" name="ALertDescription" scope="default" type="STRING"/>
            <property description="AlertType" expression="json-eval($.alertType)" name="AlertType" scope="default" type="STRING"/>
            <call>
                <endpoint key="ClouderaEndpoint"/>
            </call>
            <log level="custom">
                <property expression="json-eval($)" name="content"/>
            </log>
            <payloadFactory description="Set IndexRating Response" media-type="json">
                <format>
                    {
                    
					"indexRating1" : "$1",
					"indexRating2" : "$2"
					}
       </format>
                <args>
                    <arg evaluator="json" expression="$.data.indexRating1"/>
                    <arg evaluator="json" expression="$.data.indexRating2"/>
                </args>
            </payloadFactory>
            <property description="IndexRating1" expression="json-eval($.indexRating1)" name="IndexRating1" scope="default" type="STRING"/>
            <property description="IndexRating2" expression="json-eval($.indexRating2)" name="IndexRating2" scope="default" type="STRING"/>
            <payloadFactory description="get Aem Request" media-type="json">
                <format>$1</format>
                <args>
                    <arg evaluator="xml" expression="get-property('AEMRequest')"/>
                </args>
            </payloadFactory>
            <datamapper config="gov:datamapper/SubmitRequestMapper.dmc" inputSchema="gov:datamapper/SubmitRequestMapper_inputSchema.json" inputType="JSON" outputSchema="gov:datamapper/SubmitRequestMapper_outputSchema.json" outputType="JSON" xsltStyleSheet="gov:datamapper/SubmitRequestMapper_xsltStyleSheet.xml"/>
            <call>
                <endpoint key="nameendpoint"/>
            </call>
            <payloadFactory description="Response Mapping" media-type="json">
                <format>
					{
					"message": "$1",
					"data" : {
					"SRN" : "$2",
					"ReferenceNumber" : "$3",
					"date_time" : "$4"
					}
					}
				</format>
                <args>
                    <arg evaluator="json" expression="$.message"/>
                    <arg evaluator="json" expression="$.JobId"/>
                    <arg evaluator="json" expression="$.SRNumber"/>
                    <arg evaluator="json" expression="$.OpenedDate"/>
                </args>
            </payloadFactory>
            <respond/>
        </inSequence>
        <outSequence/>
    </resource>
</api>
